Parameter 1,Parameter 2,Correlation
v_max_1,Ka1_1,-0.9982542291058316
v_max_1,Ka2_1,-0.998178099121904
v_max_1,Ka3_1,-0.9982542288808134
v_max_1,K_g6p_1,0.9994585566585144
v_max_1,Ks_g6p_pgi,0.9967527241881771
v_max_1,Kp_f6p_pgi,-0.9997142744110364
v_max_1,kcat_f_2,0.9553663375117085
v_max_1,Ks_f6p_3,0.949352269428162
v_max_1,Ks_atp_3,0.9493522719603199
v_max_1,Kp_fbp_3,-0.9893468033356945
v_max_1,Kp_adp_3,-0.9893468033418351
v_max_1,kcat_f_3,-0.9774885586632344
v_max_1,Ks_fbp_4,0.9981150535386205
v_max_1,Kp_g3p_4,-0.9981178274004144
v_max_1,Kp_dhap_4,-0.9981178274231411
v_max_1,kcat_f_4,0.9379544481700481
v_max_1,kcat_f_5,-0.9990819787635528
v_max_1,Ks_dhap_5,0.9993524210260438
v_max_1,Kp_g3p_5,-0.9981929873503825
v_max_1,kcat_f_6,-0.9928687947716801
v_max_1,Ks_g3p_6,0.9775784963205635
v_max_1,Ks_pi_6,0.9775784962733798
v_max_1,Ks_nad_6,0.9775784963528693
v_max_1,Kp_pgp_6,-0.9937815814849336
v_max_1,Kp_nadh_6,-0.9937815814721342
v_max_1,Ks_pgp_7,-0.9983879019881338
v_max_1,Ks_adp_7,-0.9983879021256071
v_max_1,Ks_3pg_7,0.9489256566851829
v_max_1,Ks_atp_7,0.9489256516027091
v_max_1,kcat_f_8,-0.9508870305429706
v_max_1,Ks_3pg_8,0.9940933426508303
v_max_1,Ks_2pg_8,-0.9937517025851826
v_max_1,Ks_pep_9,-0.9839377495926067
Ka1_1,Ka2_1,0.9928718307788893
Ka1_1,Ka3_1,1.0
Ka1_1,K_g6p_1,-0.9965715582812777
Ka1_1,Ks_g6p_pgi,-0.9903047404964791
Ka1_1,Kp_f6p_pgi,0.9969728667943092
Ka1_1,kcat_f_2,-0.9378235685871148
Ka1_1,Ks_f6p_3,-0.9483407550809712
Ka1_1,Ks_atp_3,-0.9483407575957263
Ka1_1,Kp_fbp_3,0.9862959829828237
Ka1_1,Kp_adp_3,0.9862959829863498
Ka1_1,kcat_f_3,0.9673932243624653
Ka1_1,Ks_fbp_4,-0.9999292608855181
Ka1_1,Kp_g3p_4,0.9961102832685549
Ka1_1,Kp_dhap_4,0.996110283292597
Ka1_1,kcat_f_4,-0.9354239032492835
Ka1_1,kcat_f_5,0.9964634906346258
Ka1_1,Ks_dhap_5,-0.9970230281406497
Ka1_1,Kp_g3p_5,0.9948701274488223
Ka1_1,kcat_f_6,0.9975356490561669
Ka1_1,Ks_g3p_6,-0.9863385442403467
Ka1_1,Ks_pi_6,-0.9863385442046058
Ka1_1,Ks_nad_6,-0.986338544264858
Ka1_1,Kp_pgp_6,0.9980281370307251
Ka1_1,Kp_nadh_6,0.9980281370243944
Ka1_1,Ks_pgp_7,0.993528495631416
Ka1_1,Ks_adp_7,0.9935284958898807
Ka1_1,Ks_3pg_7,-0.932796669051696
Ka1_1,Ks_atp_7,-0.9327966632973796
Ka1_1,kcat_f_8,0.9604766637926272
Ka1_1,Ks_3pg_8,-0.9868951815265448
Ka1_1,Ks_2pg_8,0.986268867459402
Ka1_1,Ks_pep_9,0.9896356193840907
Ka2_1,Ka3_1,0.9928718303248142
Ka2_1,K_g6p_1,-0.9988044310585553
Ka2_1,Ks_g6p_pgi,-0.9997460855529257
Ka2_1,Kp_f6p_pgi,0.9989104983329247
Ka2_1,kcat_f_2,-0.9698428090576467
Ka2_1,Ks_f6p_3,-0.9469628873427299
Ka2_1,Ks_atp_3,-0.9469628898835367
Ka2_1,Kp_fbp_3,0.9888964862386314
Ka2_1,Kp_adp_3,0.9888964862474205
Ka2_1,kcat_f_3,0.98427733135897
Ka2_1,Ks_fbp_4,-0.9926632455860824
Ka2_1,Kp_g3p_4,0.996570127296794
Ka2_1,Kp_dhap_4,0.9965701273180954
Ka2_1,kcat_f_4,-0.9371579273157211
Ka2_1,kcat_f_5,0.9981549136619479
Ka2_1,Ks_dhap_5,-0.9981290550767347
Ka2_1,Kp_g3p_5,0.9979886797169136
Ka2_1,kcat_f_6,0.9845217739657748
Ka2_1,Ks_g3p_6,-0.965105191449814
Ka2_1,Ks_pi_6,-0.9651051913911108
Ka2_1,Ks_nad_6,-0.965105191489966
Ka2_1,Kp_pgp_6,0.9858606268267922
Ka2_1,Kp_nadh_6,0.985860626807431
Ka2_1,Ks_pgp_7,0.9997525537161146
Ka2_1,Ks_adp_7,0.999752553729494
Ka2_1,Ks_3pg_7,-0.9619810977208172
Ka2_1,Ks_atp_7,-0.9619810933429884
Ka2_1,kcat_f_8,0.9376624917556933
Ka2_1,Ks_3pg_8,-0.9978626371384837
Ka2_1,Ks_2pg_8,0.9978130380796923
Ka2_1,Ks_pep_9,0.9745696918934081
Ka3_1,K_g6p_1,-0.9965715580287223
Ka3_1,Ks_g6p_pgi,-0.9903047399501204
Ka3_1,Kp_f6p_pgi,0.9969728664758544
Ka3_1,kcat_f_2,-0.937823567520915
Ka3_1,Ks_f6p_3,-0.9483407543637523
Ka3_1,Ks_atp_3,-0.9483407568785076
Ka3_1,Kp_fbp_3,0.9862959824250996
Ka3_1,Kp_adp_3,0.9862959824286259
Ka3_1,kcat_f_3,0.967393223745687
Ka3_1,Ks_fbp_4,-0.9999292608895594
Ka3_1,Kp_g3p_4,0.9961102831310125
Ka3_1,Kp_dhap_4,0.9961102831550546
Ka3_1,kcat_f_4,-0.9354239023914692
Ka3_1,kcat_f_5,0.9964634904223573
Ka3_1,Ks_dhap_5,-0.9970230279371846
Ka3_1,Kp_g3p_5,0.9948701272149809
Ka3_1,kcat_f_6,0.9975356491586376
Ka3_1,Ks_g3p_6,-0.9863385444968492
Ka3_1,Ks_pi_6,-0.9863385444611084
Ka3_1,Ks_nad_6,-0.9863385445213604
Ka3_1,Kp_pgp_6,0.9980281371119567
Ka3_1,Kp_nadh_6,0.9980281371056261
Ka3_1,Ks_pgp_7,0.993528495241732
Ka3_1,Ks_adp_7,0.9935284955001966
Ka3_1,Ks_3pg_7,-0.9327966682514726
Ka3_1,Ks_atp_7,-0.9327966624971562
Ka3_1,kcat_f_8,0.9604766639311664
Ka3_1,Ks_3pg_8,-0.9868951810484273
Ka3_1,Ks_2pg_8,0.9862688669595875
Ka3_1,Ks_pep_9,0.9896356194200474
K_g6p_1,Ks_g6p_pgi,0.9974582406133524
K_g6p_1,Kp_f6p_pgi,-0.9990558884384184
K_g6p_1,kcat_f_2,0.9628742101613077
K_g6p_1,Ks_f6p_3,0.9403101777164986
K_g6p_1,Ks_atp_3,0.9403101804540891
K_g6p_1,Kp_fbp_3,-0.9854427138157518
K_g6p_1,Kp_adp_3,-0.9854427138240437
K_g6p_1,kcat_f_3,-0.9817870816941476
K_g6p_1,Ks_fbp_4,0.9964427040385433
K_g6p_1,Kp_g3p_4,-0.9992853844386607
K_g6p_1,Kp_dhap_4,-0.9992853844511096
K_g6p_1,kcat_f_4,0.9285612612341738
K_g6p_1,kcat_f_5,-0.9998955560688386
K_g6p_1,Ks_dhap_5,0.9999212340086514
K_g6p_1,Kp_g3p_5,-0.9996008702323161
K_g6p_1,kcat_f_6,-0.9889312405318782
K_g6p_1,Ks_g3p_6,0.9706148647708467
K_g6p_1,Ks_pi_6,0.9706148647171706
K_g6p_1,Ks_nad_6,0.9706148648076132
K_g6p_1,Kp_pgp_6,-0.990070641108794
K_g6p_1,Kp_nadh_6,-0.9900706410929483
K_g6p_1,Ks_pgp_7,-0.9994069670793548
K_g6p_1,Ks_adp_7,-0.9994069671406085
K_g6p_1,Ks_3pg_7,0.958407591858659
K_g6p_1,Ks_atp_7,0.9584075872678322
K_g6p_1,kcat_f_8,-0.9408058342080439
K_g6p_1,Ks_3pg_8,0.9968218322804396
K_g6p_1,Ks_2pg_8,-0.9965219985870367
K_g6p_1,Ks_pep_9,-0.9776138022615801
Ks_g6p_pgi,Kp_f6p_pgi,-0.9979957104573864
Ks_g6p_pgi,kcat_f_2,0.9723796690110563
Ks_g6p_pgi,Ks_f6p_3,0.9488313589119157
Ks_g6p_pgi,Ks_atp_3,0.9488313613697331
Ks_g6p_pgi,Kp_fbp_3,-0.9894855377927642
Ks_g6p_pgi,Kp_adp_3,-0.9894855378018597
Ks_g6p_pgi,kcat_f_3,-0.9848291488713274
Ks_g6p_pgi,Ks_fbp_4,0.9900468671385849
Ks_g6p_pgi,Kp_g3p_4,-0.9945525756265141
Ks_g6p_pgi,Kp_dhap_4,-0.9945525756514517
Ks_g6p_pgi,kcat_f_4,0.9399775452908874
Ks_g6p_pgi,kcat_f_5,-0.9965711949064902
Ks_g6p_pgi,Ks_dhap_5,0.9965121165404511
Ks_g6p_pgi,Kp_g3p_5,-0.9964873247130029
Ks_g6p_pgi,kcat_f_6,-0.9815456721833798
Ks_g6p_pgi,Ks_g3p_6,0.9615238717661514
Ks_g6p_pgi,Ks_pi_6,0.961523871704949
Ks_g6p_pgi,Ks_nad_6,0.9615238718079894
Ks_g6p_pgi,Kp_pgp_6,-0.9829833621604989
Ks_g6p_pgi,Kp_nadh_6,-0.982983362139431
Ks_g6p_pgi,Ks_pgp_7,-0.9991359866343836
Ks_g6p_pgi,Ks_adp_7,-0.9991359866225891
Ks_g6p_pgi,Ks_3pg_7,0.9632150581069782
Ks_g6p_pgi,Ks_atp_7,0.9632150538503359
Ks_g6p_pgi,kcat_f_8,-0.9349621381705073
Ks_g6p_pgi,Ks_3pg_8,0.997615920940173
Ks_g6p_pgi,Ks_2pg_8,-0.9976836594751204
Ks_g6p_pgi,Ks_pep_9,-0.9721306323318766
Kp_f6p_pgi,kcat_f_2,-0.9579992245905218
Kp_f6p_pgi,Ks_f6p_3,-0.9541914129286093
Kp_f6p_pgi,Ks_atp_3,-0.9541914153348183
Kp_f6p_pgi,Kp_fbp_3,0.9918702816313728
Kp_f6p_pgi,Kp_adp_3,0.9918702816374273
Kp_f6p_pgi,kcat_f_3,0.9781881836128565
Kp_f6p_pgi,Ks_fbp_4,-0.9968242689550234
Kp_f6p_pgi,Kp_g3p_4,0.9969029341533
Kp_f6p_pgi,Kp_dhap_4,0.9969029341817605
Kp_f6p_pgi,kcat_f_4,-0.9436330308076482
Kp_f6p_pgi,kcat_f_5,0.9983817738252436
Kp_f6p_pgi,Ks_dhap_5,-0.9986643173352767
Kp_f6p_pgi,Kp_g3p_5,0.9974649214510145
Kp_f6p_pgi,kcat_f_6,0.9915989870942019
Kp_f6p_pgi,Ks_g3p_6,-0.9762317257553748
Kp_f6p_pgi,Ks_pi_6,-0.9762317257067488
Kp_f6p_pgi,Ks_nad_6,-0.976231725788639
Kp_f6p_pgi,Kp_pgp_6,0.9925733675668893
Kp_f6p_pgi,Kp_nadh_6,0.992573367552863
Kp_f6p_pgi,Ks_pgp_7,0.9986451649380502
Kp_f6p_pgi,Ks_adp_7,0.9986451650642483
Kp_f6p_pgi,Ks_3pg_7,-0.9494372178590963
Kp_f6p_pgi,Ks_atp_7,-0.9494372128029149
Kp_f6p_pgi,kcat_f_8,0.9508707045048596
Kp_f6p_pgi,Ks_3pg_8,-0.9944143828683525
Kp_f6p_pgi,Ks_2pg_8,0.9941886002371236
Kp_f6p_pgi,Ks_pep_9,0.9836782890904072
kcat_f_2,Kp_fbp_3,-0.9370027484451603
kcat_f_2,Kp_adp_3,-0.9370027484678347
kcat_f_2,kcat_f_3,-0.9778478632771787
kcat_f_2,Ks_fbp_4,0.9381399026715858
kcat_f_2,Kp_g3p_4,-0.9614611204169414
kcat_f_2,Kp_dhap_4,-0.9614611203927762
kcat_f_2,kcat_f_5,-0.9627947222225652
kcat_f_2,Ks_dhap_5,0.9611577596937988
kcat_f_2,Kp_g3p_5,-0.9665558831710324
kcat_f_2,kcat_f_6,-0.91462489134888
kcat_f_2,Kp_pgp_6,-0.9177385340401922
kcat_f_2,Kp_nadh_6,-0.9177385339951591
kcat_f_2,Ks_pgp_7,-0.9699167190555923
kcat_f_2,Ks_adp_7,-0.9699167185029829
kcat_f_2,Ks_3pg_7,0.9920911239399717
kcat_f_2,Ks_atp_7,0.992091123176404
kcat_f_2,Ks_3pg_8,0.9802481396254611
kcat_f_2,Ks_2pg_8,-0.9810010064268222
Ks_f6p_3,Ks_atp_3,1.0
Ks_f6p_3,Kp_fbp_3,-0.9841530981614341
Ks_f6p_3,Kp_adp_3,-0.9841530981513555
Ks_f6p_3,kcat_f_3,-0.900859402761048
Ks_f6p_3,Ks_fbp_4,0.9481405912284612
Ks_f6p_3,Kp_g3p_4,-0.9285652840214058
Ks_f6p_3,Kp_dhap_4,-0.9285652841584022
Ks_f6p_3,kcat_f_4,0.9975583584839209
Ks_f6p_3,kcat_f_5,-0.9358072277584815
Ks_f6p_3,Ks_dhap_5,0.9378882483211438
Ks_f6p_3,Kp_g3p_5,-0.9305455143801791
Ks_f6p_3,kcat_f_6,-0.9593315424217499
Ks_f6p_3,Ks_g3p_6,0.9657095145164138
Ks_f6p_3,Ks_pi_6,0.9657095145069503
Ks_f6p_3,Ks_nad_6,0.9657095145225676
Ks_f6p_3,Kp_pgp_6,-0.9590499339630046
Ks_f6p_3,Kp_nadh_6,-0.9590499339633098
Ks_f6p_3,Ks_pgp_7,-0.9407794164768091
Ks_f6p_3,Ks_adp_7,-0.9407794170647361
Ks_f6p_3,kcat_f_8,-0.9722655493843417
Ks_f6p_3,Ks_3pg_8,0.9251119897910693
Ks_f6p_3,Ks_2pg_8,-0.9253557794881906
Ks_f6p_3,Ks_pep_9,-0.9753131024865329
Ks_atp_3,Kp_fbp_3,-0.984153099571814
Ks_atp_3,Kp_adp_3,-0.9841530995617354
Ks_atp_3,kcat_f_3,-0.9008594058895194
Ks_atp_3,Ks_fbp_4,0.9481405937448115
Ks_atp_3,Kp_g3p_4,-0.9285652870114895
Ks_atp_3,Kp_dhap_4,-0.928565287148486
Ks_atp_3,kcat_f_4,0.997558358248702
Ks_atp_3,kcat_f_5,-0.9358072305963518
Ks_atp_3,Ks_dhap_5,0.9378882511154976
Ks_atp_3,Kp_g3p_5,-0.9305455173228343
Ks_atp_3,kcat_f_6,-0.9593315445330132
Ks_atp_3,Ks_g3p_6,0.9657095160832928
Ks_atp_3,Ks_pi_6,0.9657095160738292
Ks_atp_3,Ks_nad_6,0.9657095160894467
Ks_atp_3,Kp_pgp_6,-0.95904993610421
Ks_atp_3,Kp_nadh_6,-0.9590499361045149
Ks_atp_3,Ks_pgp_7,-0.9407794191739776
Ks_atp_3,Ks_adp_7,-0.9407794197619037
Ks_atp_3,kcat_f_8,-0.9722655501083293
Ks_atp_3,Ks_3pg_8,0.9251119927578624
Ks_atp_3,Ks_2pg_8,-0.9253557824400379
Ks_atp_3,Ks_pep_9,-0.9753131039802103
Kp_fbp_3,Kp_adp_3,0.9999999999999999
Kp_fbp_3,kcat_f_3,0.9584256148295721
Kp_fbp_3,Ks_fbp_4,-0.9861316819746576
Kp_fbp_3,Kp_g3p_4,0.9789369270165007
Kp_fbp_3,Kp_dhap_4,0.9789369270910766
Kp_fbp_3,kcat_f_4,-0.9772511962991092
Kp_fbp_3,kcat_f_5,0.9830562920216604
Kp_fbp_3,Ks_dhap_5,-0.9840243480802688
Kp_fbp_3,Kp_g3p_5,0.9804825795488993
Kp_fbp_3,kcat_f_6,0.9869989820441566
Kp_fbp_3,Ks_g3p_6,-0.9795466469557976
Kp_fbp_3,Ks_pi_6,-0.9795466469200229
Kp_fbp_3,Ks_nad_6,-0.9795466469801244
Kp_fbp_3,Kp_pgp_6,0.9875703048906546
Kp_fbp_3,Kp_nadh_6,0.987570304880709
Kp_fbp_3,Ks_pgp_7,0.9859703977781553
Kp_fbp_3,Ks_adp_7,0.9859703980675485
Kp_fbp_3,Ks_3pg_7,-0.9157248639571776
Kp_fbp_3,Ks_atp_7,-0.9157248577407131
Kp_fbp_3,kcat_f_8,0.9672942076991968
Kp_fbp_3,Ks_3pg_8,-0.9775086483225037
Kp_fbp_3,Ks_2pg_8,0.9775622087151679
Kp_fbp_3,Ks_pep_9,0.9888786599615098
Kp_adp_3,kcat_f_3,0.9584256148458105
Kp_adp_3,Ks_fbp_4,-0.9861316819781498
Kp_adp_3,Kp_g3p_4,0.9789369270257968
Kp_adp_3,Kp_dhap_4,0.9789369271003726
Kp_adp_3,kcat_f_4,-0.9772511962887271
Kp_adp_3,kcat_f_5,0.9830562920304073
Kp_adp_3,Ks_dhap_5,-0.9840243480885242
Kp_adp_3,Kp_g3p_5,0.9804825795588386
Kp_adp_3,kcat_f_6,0.9869989820430425
Kp_adp_3,Ks_g3p_6,-0.9795466469484029
Kp_adp_3,Ks_pi_6,-0.9795466469126282
Kp_adp_3,Ks_nad_6,-0.9795466469727296
Kp_adp_3,Kp_pgp_6,0.9875703048900262
Kp_adp_3,Kp_nadh_6,0.9875703048800805
Kp_adp_3,Ks_pgp_7,0.9859703977876224
Kp_adp_3,Ks_adp_7,0.9859703980770156
Kp_adp_3,Ks_3pg_7,-0.9157248639835633
Kp_adp_3,Ks_atp_7,-0.915724857767099
Kp_adp_3,kcat_f_8,0.9672942076860899
Kp_adp_3,Ks_3pg_8,-0.9775086483354434
Kp_adp_3,Ks_2pg_8,0.9775622087282211
Kp_adp_3,Ks_pep_9,0.9888786599557836
kcat_f_3,Ks_fbp_4,-0.9666816354947481
kcat_f_3,Kp_g3p_4,0.9808136009823001
kcat_f_3,Kp_dhap_4,0.9808136009731703
kcat_f_3,kcat_f_5,0.9817323462680059
kcat_f_3,Ks_dhap_5,-0.9808492394488787
kcat_f_3,Kp_g3p_5,0.9836534289877947
kcat_f_3,kcat_f_6,0.9509908573384429
kcat_f_3,Ks_g3p_6,-0.9211270818922627
kcat_f_3,Ks_pi_6,-0.9211270818102087
kcat_f_3,Ks_nad_6,-0.9211270819484285
kcat_f_3,Kp_pgp_6,0.9531701428125186
kcat_f_3,Kp_nadh_6,0.9531701427815107
kcat_f_3,Ks_pgp_7,0.9852325120652214
kcat_f_3,Ks_adp_7,0.985232511789259
kcat_f_3,Ks_3pg_7,-0.9787126729367135
kcat_f_3,Ks_atp_7,-0.9787126704331162
kcat_f_3,Ks_3pg_8,-0.9893786864453408
kcat_f_3,Ks_2pg_8,0.989581836925094
kcat_f_3,Ks_pep_9,0.9337238668749844
Ks_fbp_4,Kp_g3p_4,-0.9960987241064425
Ks_fbp_4,Kp_dhap_4,-0.9960987241298862
Ks_fbp_4,kcat_f_4,0.934508932344875
Ks_fbp_4,kcat_f_5,-0.9963789873860134
Ks_fbp_4,Ks_dhap_5,0.9969407461518329
Ks_fbp_4,Kp_g3p_5,-0.9947801022590737
Ks_fbp_4,kcat_f_6,-0.9975427514698264
Ks_fbp_4,Ks_g3p_6,0.9863899423703959
Ks_fbp_4,Ks_pi_6,0.9863899423348609
Ks_fbp_4,Ks_nad_6,0.9863899423947688
Ks_fbp_4,Kp_pgp_6,-0.9980265447956327
Ks_fbp_4,Kp_nadh_6,-0.9980265447894434
Ks_fbp_4,Ks_pgp_7,-0.9933265792479318
Ks_fbp_4,Ks_adp_7,-0.9933265795089519
Ks_fbp_4,Ks_3pg_7,0.9323910305348033
Ks_fbp_4,Ks_atp_7,0.9323910247681009
Ks_fbp_4,kcat_f_8,-0.9600949173354885
Ks_fbp_4,Ks_3pg_8,0.986667925998066
Ks_fbp_4,Ks_2pg_8,-0.986032586455698
Ks_fbp_4,Ks_pep_9,-0.9895880454662848
Kp_g3p_4,Kp_dhap_4,1.0
Kp_g3p_4,kcat_f_4,-0.9150695963453498
Kp_g3p_4,kcat_f_5,0.9997246509370779
Kp_g3p_4,Ks_dhap_5,-0.9996305903549744
Kp_g3p_4,Kp_g3p_5,0.9997189160329956
Kp_g3p_4,kcat_f_6,0.9875509106660878
Kp_g3p_4,Ks_g3p_6,-0.9680918708762905
Kp_g3p_4,Ks_pi_6,-0.9680918708219515
Kp_g3p_4,Ks_nad_6,-0.9680918709135573
Kp_g3p_4,Kp_pgp_6,0.988698491262956
Kp_g3p_4,Kp_nadh_6,0.9886984912475469
Kp_g3p_4,Ks_pgp_7,0.9979788085323582
Kp_g3p_4,Ks_adp_7,0.9979788085773286
Kp_g3p_4,Ks_3pg_7,-0.9601953103302666
Kp_g3p_4,Ks_atp_7,-0.96019530591389
Kp_g3p_4,kcat_f_8,0.9348829370885425
Kp_g3p_4,Ks_3pg_8,-0.9960233029277302
Kp_g3p_4,Ks_2pg_8,0.995582594249274
Kp_g3p_4,Ks_pep_9,0.9738472015334727
Kp_dhap_4,kcat_f_4,-0.9150695964941941
Kp_dhap_4,kcat_f_5,0.9997246509445918
Kp_dhap_4,Ks_dhap_5,-0.9996305903646832
Kp_dhap_4,Kp_g3p_5,0.9997189160351894
Kp_dhap_4,kcat_f_6,0.9875509107091831
Kp_dhap_4,Ks_g3p_6,-0.9680918709442219
Kp_dhap_4,Ks_pi_6,-0.9680918708898827
Kp_dhap_4,Ks_nad_6,-0.9680918709814887
Kp_dhap_4,Kp_pgp_6,0.9886984913046638
Kp_dhap_4,Kp_nadh_6,0.9886984912892547
Kp_dhap_4,Ks_pgp_7,0.997978808546339
Kp_dhap_4,Ks_adp_7,0.997978808591309
Kp_dhap_4,Ks_3pg_7,-0.9601953102734901
Kp_dhap_4,Ks_atp_7,-0.9601953058571138
Kp_dhap_4,kcat_f_8,0.9348829371953931
Kp_dhap_4,Ks_3pg_8,-0.9960233029276455
Kp_dhap_4,Ks_2pg_8,0.9955825942498021
Kp_dhap_4,Ks_pep_9,0.9738472016053255
kcat_f_4,kcat_f_5,-0.9234062523664328
kcat_f_4,Ks_dhap_5,0.9255218157052847
kcat_f_4,Kp_g3p_5,-0.9180661073214487
kcat_f_4,kcat_f_6,-0.9463994962912493
kcat_f_4,Ks_g3p_6,0.9530313545848917
kcat_f_4,Ks_pi_6,0.9530313545738532
kcat_f_4,Ks_nad_6,0.9530313545920704
kcat_f_4,Kp_pgp_6,-0.9462041178431331
kcat_f_4,Kp_nadh_6,-0.9462041178416176
kcat_f_4,Ks_pgp_7,-0.9302580882568384
kcat_f_4,Ks_adp_7,-0.9302580888247318
kcat_f_4,kcat_f_8,-0.9644474686667812
kcat_f_4,Ks_3pg_8,0.9146275497503678
kcat_f_4,Ks_2pg_8,-0.9150701634541885
kcat_f_4,Ks_pep_9,-0.9644433779440762
kcat_f_5,Ks_dhap_5,-0.9999720315553906
kcat_f_5,Kp_g3p_5,0.9998348961044636
kcat_f_5,kcat_f_6,0.9883955478588533
kcat_f_5,Ks_g3p_6,-0.9695355708510743
kcat_f_5,Ks_pi_6,-0.9695355707968767
kcat_f_5,Ks_nad_6,-0.9695355708882153
kcat_f_5,Kp_pgp_6,0.9895476464781896
kcat_f_5,Kp_nadh_6,0.9895476464623709
kcat_f_5,Ks_pgp_7,0.9990672693073461
kcat_f_5,Ks_adp_7,0.9990672693594188
kcat_f_5,Ks_3pg_7,-0.9595837162519092
kcat_f_5,Ks_atp_7,-0.9595837117444739
kcat_f_5,kcat_f_8,0.9383184872396948
kcat_f_5,Ks_3pg_8,-0.99677675601792
kcat_f_5,Ks_2pg_8,0.9964282637981371
kcat_f_5,Ks_pep_9,0.9761133929000536
Ks_dhap_5,Kp_g3p_5,-0.9996710322394594
Ks_dhap_5,kcat_f_6,-0.9894742734079182
Ks_dhap_5,Ks_g3p_6,0.9713096905014981
Ks_dhap_5,Ks_pi_6,0.971309690448827
Ks_dhap_5,Ks_nad_6,0.9713096905375909
Ks_dhap_5,Kp_pgp_6,-0.9905726567745814
Ks_dhap_5,Kp_nadh_6,-0.9905726567594961
Ks_dhap_5,Ks_pgp_7,-0.9989628745901127
Ks_dhap_5,Ks_adp_7,-0.9989628746600798
Ks_dhap_5,Ks_3pg_7,0.9575193003911417
Ks_dhap_5,Ks_atp_7,0.9575192957691679
Ks_dhap_5,kcat_f_8,-0.9407302533887463
Ks_dhap_5,Ks_3pg_8,0.9962759562357686
Ks_dhap_5,Ks_2pg_8,-0.9959148513574423
Ks_dhap_5,Ks_pep_9,-0.977710688334207
Kp_g3p_5,kcat_f_6,0.9855423521725104
Kp_g3p_5,Ks_g3p_6,-0.9649966740028798
Kp_g3p_5,Ks_pi_6,-0.9649966739449811
Kp_g3p_5,Ks_nad_6,-0.9649966740425613
Kp_g3p_5,Kp_pgp_6,0.986824871266849
Kp_g3p_5,Kp_nadh_6,0.9868248712492484
Kp_g3p_5,Ks_pgp_7,0.9990905198718958
Kp_g3p_5,Ks_adp_7,0.9990905198804418
Kp_g3p_5,Ks_3pg_7,-0.9643798210091316
Kp_g3p_5,Ks_atp_7,-0.9643798167811459
Kp_g3p_5,kcat_f_8,0.9322413445001885
Kp_g3p_5,Ks_3pg_8,-0.997764029037177
Kp_g3p_5,Ks_2pg_8,0.9974465493766482
Kp_g3p_5,Ks_pep_9,0.9720053767230121
kcat_f_6,Ks_g3p_6,-0.9954542616662514
kcat_f_6,Ks_pi_6,-0.9954542616454998
kcat_f_6,Ks_nad_6,-0.9954542616804809
kcat_f_6,Kp_pgp_6,0.9999686345412961
kcat_f_6,Kp_nadh_6,0.9999686345422041
kcat_f_6,Ks_pgp_7,0.9845276463748958
kcat_f_6,Ks_adp_7,0.9845276468025805
kcat_f_6,Ks_3pg_7,-0.9057589165850053
kcat_f_6,Ks_atp_7,-0.9057589097915268
kcat_f_6,kcat_f_8,0.9750475615067677
kcat_f_6,Ks_3pg_8,-0.9741820490835001
kcat_f_6,Ks_2pg_8,0.9734195083633541
kcat_f_6,Ks_pep_9,0.9968133603489289
Ks_g3p_6,Ks_pi_6,1.0
Ks_g3p_6,Ks_nad_6,1.0000000000000002
Ks_g3p_6,Kp_pgp_6,-0.9947023234913324
Ks_g3p_6,Kp_nadh_6,-0.9947023235022481
Ks_g3p_6,Ks_pgp_7,-0.96431195641321
Ks_g3p_6,Ks_adp_7,-0.964311957068795
Ks_g3p_6,kcat_f_8,-0.9874287549779166
Ks_g3p_6,Ks_3pg_8,0.9490116541146179
Ks_g3p_6,Ks_2pg_8,-0.94804951141782
Ks_g3p_6,Ks_pep_9,-0.998554409217828
Ks_pi_6,Ks_nad_6,1.0
Ks_pi_6,Kp_pgp_6,-0.994702323468813
Ks_pi_6,Kp_nadh_6,-0.994702323479729
Ks_pi_6,Ks_pgp_7,-0.9643119563537742
Ks_pi_6,Ks_adp_7,-0.9643119570093591
Ks_pi_6,kcat_f_8,-0.9874287549920233
Ks_pi_6,Ks_3pg_8,0.9490116540439556
Ks_pi_6,Ks_2pg_8,-0.9480495113464584
Ks_pi_6,Ks_pep_9,-0.9985544092089815
Ks_nad_6,Kp_pgp_6,-0.9947023235067709
Ks_nad_6,Kp_nadh_6,-0.9947023235176868
Ks_nad_6,Ks_pgp_7,-0.9643119564538905
Ks_nad_6,Ks_adp_7,-0.9643119571094754
Ks_nad_6,kcat_f_8,-0.9874287549681449
Ks_nad_6,Ks_3pg_8,0.9490116541629947
Ks_nad_6,Ks_2pg_8,-0.9480495114666707
Ks_nad_6,Ks_pep_9,-0.9985544092238356
Kp_pgp_6,Kp_nadh_6,1.0000000000000002
Kp_pgp_6,Ks_pgp_7,0.9858832066285854
Kp_pgp_6,Ks_adp_7,0.985883207037121
Kp_pgp_6,Ks_3pg_7,-0.9090395365660022
Kp_pgp_6,Ks_atp_7,-0.909039529883868
Kp_pgp_6,kcat_f_8,0.9738451381707485
Kp_pgp_6,Ks_3pg_8,-0.9759370825164219
Kp_pgp_6,Ks_2pg_8,0.975201657232881
Kp_pgp_6,Ks_pep_9,0.9963889148642386
Kp_nadh_6,Ks_pgp_7,0.9858832066093057
Kp_nadh_6,Ks_adp_7,0.985883207017841
Kp_nadh_6,Ks_3pg_7,-0.9090395365199919
Kp_nadh_6,Ks_atp_7,-0.9090395298378575
Kp_nadh_6,kcat_f_8,0.9738451381866928
Kp_nadh_6,Ks_3pg_8,-0.9759370824915674
Kp_nadh_6,Ks_2pg_8,0.9752016572075776
Kp_nadh_6,Ks_pep_9,0.9963889148698997
kcat_f_7,kcat_f_9,-0.9246500254660674
kcat_f_7,Ks_2pg_9,0.9329178521657087
Ks_pgp_7,Ks_adp_7,1.0000000000000007
Ks_pgp_7,Ks_3pg_7,-0.964417918429054
Ks_pgp_7,Ks_atp_7,-0.9644179141699278
Ks_pgp_7,kcat_f_8,0.9349767096808084
Ks_pgp_7,Ks_3pg_8,-0.9985297621372387
Ks_pgp_7,Ks_2pg_8,0.998402607754799
Ks_pgp_7,Ks_pep_9,0.9731193205397091
Ks_adp_7,Ks_3pg_7,-0.9644179177811318
Ks_adp_7,Ks_atp_7,-0.9644179135220071
Ks_adp_7,kcat_f_8,0.9349767104977613
Ks_adp_7,Ks_3pg_8,-0.9985297620063651
Ks_adp_7,Ks_2pg_8,0.9984026076166848
Ks_adp_7,Ks_pep_9,0.9731193211081752
Ks_3pg_7,Ks_atp_7,1.0000000000000009
Ks_3pg_7,Ks_3pg_8,0.9770962820964058
Ks_3pg_7,Ks_2pg_8,-0.9775684459776008
Ks_atp_7,Ks_3pg_8,0.9770962786721653
Ks_atp_7,Ks_2pg_8,-0.9775684425911866
kcat_f_8,Ks_3pg_8,-0.9165448690261607
kcat_f_8,Ks_2pg_8,0.9156008493025432
kcat_f_8,Ks_pep_9,0.9866182888372567
Ks_3pg_8,Ks_2pg_8,-0.9999855577575602
Ks_3pg_8,Ks_pep_9,-0.9593758224839251
Ks_2pg_8,Ks_pep_9,0.9586872535369511
